file_path,search_results
./bizdevs-attachments/Arve.pdf_img0.jpg,['ARVE Nr.TE220796']
./bizdevs-attachments/Arve.pdf_img0.jpg,['ARVE Nr.TE220796']
./bizdevs-attachments/Arve.pdf_img0.jpg,['ARVE Nr.TE220796']
./bizdevs-attachments/Arve.pdf_img0.jpg,['ARVE Nr.TE220796']
./bizdevs-attachments/Arve.pdf_img0.jpg,['ARVE Nr.TE220796']
./bizdevs-attachments/Arve.pdf_img0.jpg,['ARVE Nr.TE220796']
./bizdevs-attachments/Arve.pdf_img0.jpg,['ARVE Nr.TE220796']
./bizdevs-attachments/Arve.pdf_img0.jpg,['ARVE Nr.TE220796']
./bizdevs-attachments/Arve.pdf_img0.jpg,['ARVE Nr.TE220796']
./bizdevs-attachments/Arve.pdf_img0.jpg,['ARVE Nr.TE220796']
./bizdevs-attachments/Arve.pdf_img0.jpg,['ARVE Nr.TE220796']
./bizdevs-attachments/Arve.pdf_img0.jpg,['ARVE Nr.TE220796']
./bizdevs-attachments/Arve.pdf_img0.jpg,['ARVE Nr.TE220796']
./bizdevs-attachments/Arve.pdf_img0.jpg,['ARVE Nr.TE220796']
./bizdevs-attachments/Arve.pdf_img0.jpg,['ARVE Nr.TE220796']
./bizdevs-attachments/Arve.pdf_img0.jpg,['ARVE Nr.TE220796']
./bizdevs-attachments/Arve.pdf_img0.jpg,['ARVE Nr.TE220796']
./bizdevs-attachments/Arve.pdf_img0.jpg,['ARVE Nr.TE220796']
./bizdevs-attachments/Arve.pdf_img0.jpg,['ARVE Nr.TE220796']
./bizdevs-attachments/Arve.pdf_img0.jpg,['ARVE Nr.TE220796']
./bizdevs-attachments/Arve.pdf_img0.jpg,['ARVE Nr.TE220796']
./bizdevs-attachments/Arve.pdf_img0.jpg,['ARVE Nr.TE220796']
